value_1,value_2,result
1,2,0.5
2,3,0.6666666666666666
3,4,0.75
4,5,0.8
5,6,0.8333333333333334
6,7,0.8571428571428571
7,8,0.875
8,9,0.88
9,10,0.9
10,11,0.9090909090909091
11,12,0.9166666666666666
12,13,0.9230769230769231
13,14,0.9285714285714286
0,0,0
5,,0
3,4,0.75